2,TMPMAX,Temp  daily max,Temperature  daily maximum,0.10,460,120,Degrees C,daily
3,TMPMIN,Temp  daily min,Temperature  daily minimum,0.10,360,-100,Degrees C,daily
4,TMPMN,Temp  daily mean,Temperature  daily mean,0.10,,,Degrees C,daily
5,PRECIP,Precip  daily,Precipitation  daily total,0.10,3000,0,Millimeters,daily
6,PRMX5,PRCP  max 5 min,Precip  greatest amount in 5 minutes,0.10,,,Millimeters,daily
7,PRMX10,PRCP  max 10 min,Precip  greatest amount in 10 minutes,0.10,,,Millimeters,daily
8,PRMX15,PRCP  max 15 min,Precip  greatest amount in 15 minutes,0.10,,,Millimeters,daily
9,PRMX30,PRCP  max 30 min,Precip  greatest amount in 30 minutes,0.10,,,Millimeters,daily
10,PRMX60,PRCP  max 60 min,Precip  greatest amount in 60 minutes,0.10,,,Millimeters,daily
11,PRMX2H,PRCP  max 2 hour,Precip  greatest amount in 2 hours,0.10,,,Millimeters,daily
12,DPTMAX,Temp  dew pt max,Temperature  dew point  daily maximum,0.10,,,Degrees C,daily
13,DPTMIN,Temp  dew pt min,Temperature  dew point  daily minimum,0.10,,,Degrees C,daily
14,DPTMN,Temp  dew pt mn,Temperature  dew point  daily mean,0.10,,,Degrees C,daily
15,RHMAX,RH  daily max,Relative humidity  daily maximum,1.00,100,0,Percent,daily
16,RHMIN,RH  daily min,Relative humidity  daily minimum,1.00,100,0,Percent,daily
17,RHMEAN,RH  daily mean,Relative humidity  daily mean,1.00,100,0,Percent,daily
18,EVAPPN1,Evap  pan1 daily,Evaporation  pan1  daily total,0.10,250,0,Millimeters,daily
19,EVAPLK,Evap  lake daily,Evaporation  lake  daily total,0.10,,,Millimeters,daily
20,MXTPAN,Temp  evap pn mx,Temperature  evaporation pan  daily maximum,0.10,,,Degrees C,daily
21,MNTPAN,Temp  evap pn mn,Temperature  evaporation pan  daily minimum,0.10,,,Degrees C,daily
22,MTPAN,Temp  evap pn mn,Temperature  evaporation pan  daily mean,0.10,,,Degrees C,daily
23,HTDD1,HTNG Degree Day1,Heating degree days - Base 1,1.00,,,Unitless,daily
24,HTDD2,HTNG Degree Day2,Heating degree days - Base 2,1.00,,,Unitless,daily
25,CDD1,CLNG Degree Day1,Cooling degree days - Base 1,1.00,,,Unitless,daily
26,CDD2,CLNG Degree Day2,Cooling degree days - Base 2,1.00,,,Unitless,daily
27,GDD1,GRNG Degree Day1,Growing degree days - Base 1,1.00,,,Unitless,daily
28,GDD2,GRNG Degree Day2,Growing degree days - Base 2,1.00,,,Unitless,daily
29,DYRAIN,Day with Rain,Day with rainfall,1.00,,,Unitless,daily
30,DYTHND,Day with Thunder,Day with thunderstorms,1.00,,,Unitless,daily
31,DYHAIL,Day with Hail,Day with hail,1.00,,,Unitless,daily
32,DYFOG,Day with Fog,Day with fog,1.00,,,Unitless,daily
33,DYSAND,Day with Dust,Day with blowing sand or dust,1.00,,,Unitless,daily
34,DYSMOK,Day with Smoke,Day with smoke or thick haze,1.00,,,Unitless,daily
35,DYSNOW,Day with Snow,Day with snow,1.00,,,Unitless,daily
36,DYBSNW,Day with Blw snw,Day with blowing snow,1.00,,,Unitless,daily
37,DYWND1,Day with wind 10,Day with wind greater than 10 meters/sec,1.00,,,Unitless,daily
38,DYWND5,Day with wind 15,Day with wind greater than 15 meters/sec,1.00,,,Unitless,daily
39,DYGLAZ,Day with glaze,Day with glaze(freezing rain),1.00,,,Unitless,daily
40,DYGDRZ,Day with drizzle,Day with drizzle,1.00,,,Unitless,daily
41,DYICEP,Day with ice plt,Day with ice pellets,1.00,,,Unitless,daily
42,DYTORN,Day with tornado,Day with tornado,1.00,,,Unitless,daily
43,SKYSUN,Sky Cover avg SS,Sky cover  average daily sunrise to sunset,1.00,9,0,Tenths,daily
44,SKYMID,Sky cover avg md,Sky cover  daily average midnight to midnight,1.00,,,Tenths,daily
45,SUNSHI,Percent Poss Sun,Percent of possible sunshine  daily,1.00,100,0,Percent,daily
46,INSOL,Insolation daily,Insolation  daily total on a horizontal surface,0.10,394,0,Megajoules/M**2,daily
47,PRESST,Press stn avg,Pressure  station  daily avergage,0.10,,,Hectopascals,daily
48,PRESSL,Press sea lv avg,Pressure  reduced to sea level  daily average,0.10,,,Hectopascals,daily
49,SNOW,Snowfall  daily,Snowfall  daily total,1.00,,,Centimeters,daily
50,SNWDEP,Snowdepth  daily,Snow  depth on the ground at observation time,1.00,,,Centimeters,daily
51,SNWWEQ,Snowdp water eq,Snow  water equivalent of snow on the ground at observation,0.10,,,Millimeters,daily
52,TOPFGL,Frozen Ground Tp,Frozen ground layer  depth of the top,1.00,,,Centimeters,daily
53,BOTFGL,Frzen Ground Bt,Frozen ground layer  Depth of the bottom,1.00,,,Centimeters,daily
54,THKFGL,Frozen Ground Th,Frozen ground layer  thickness,1.00,,,Centimeters,daily
55,ICE,Ice Thickness,Ice on water  thickness,0.10,,,Millimeters,daily
56,WNDSPD,Wind Spd avg dly,Wind speed  daily average,1.00,100,0,Meters/Second,daily
57,WNDMIL,Wind Spd  dly,Wind speed daily average Cup Anemometer,1.00,15,0,Kilometers,daily
58,PKGUST,Wind Gust max sp,Wind gust  speed  daily maximum,1.00,,,Meters/Second,daily
59,PKGSTD,Wind gust  dir,Wind gust  direction of the daily maximum,1.00,,,Tens of Degrees,daily
60,WNDMX1,Wnd spd Max 1Min,Wind  1 minute  speed  daily maximum,1.00,,,Meters/Second,daily
61,WNDMXD,Wnd Dir max 1min,Wind  1 minute  direction of the daily maximum,1.00,,,Tens of Degrees,daily
62,SOILX1,Temp  soil05 max,Temperature  soil  daily maximum at 5 cm,0.10,,,Degrees C,daily
63,SOILN1,Temp  soil05 min,Temperature  soil  daily minimum at 5 cm,0.10,,,Degrees C,daily
64,SOILX2,Temp  soil10 max,Temperature  soil  daily maximum at 10 cm,0.10,,,Degrees C,daily
65,SOILN2,Temp  soil10 min,Temperature  soil  daily minimum at 10 cm,0.10,,,Degrees C,daily
66,SOILX3,Temp  soil20 max,Temperature  soil  daily maximum at 20 cm,0.10,,,Degrees C,daily
67,SOILN3,Temp  soil20 min,Temperature  soil  daily minimum at 20 cm,0.10,,,Degrees C,daily
68,SOILX4,Temp  soil50 max,Temperature  soil  daily maximum at 50 cm,0.10,,,Degrees C,daily
69,SOILN4,Temp  soil50 min,Temperature  soil  daily minimum at 50 cm,0.10,,,Degrees C,daily
70,SOILX5,Temp  soil1M max,Temperature  soil  daily maximum at 100 cm,0.10,,,Degrees C,daily
71,SOILN5,Temp  soil1M min,Temperature  soil  daily minimum at 100 cm,0.10,,,Degrees C,daily
72,SOIL05,Temp  soil05 dly,Temperature  soil  daily at 5 cm,0.10,,,Degrees C,daily
73,SOIL10,Temp  soil10 dly,Temperature  soil  daily at 10 cm,0.10,,,Degrees C,daily
74,SOIL20,Temp  soil20 dly,Temperature  soil  daily at 20 cm,0.10,,,Degrees C,daily
75,SOIL50,Temp  soil50 dly,Temperature  soil  daily at 50 cm,0.10,440,-50,Degrees C,daily
76,SOIL1M,Temp  soil1m dly,Temperature  soil  daily at 100 cm,0.10,440,100,Degrees C,daily
77,SOIL6,Temp  soil2M dly,Temperature  soil  daily at 150 cm,0.10,440,-50,Degrees C,daily
78,SOIL7,Temp  soil3M dly,Temperature  soil  daily at 200 cm,0.10,,,Degrees C,daily
79,SOIL8,Temp  soil4M dly,Temperature  soil  daily at 300 cm,0.10,,,Degrees C,daily
80,MXSOIL,Temp soil dly ma,Temperature  soil  daily maximum,0.10,,,Degrees C,daily
81,MNSOIL,Temp soil dly mi,Temperature  soil  daily minimum,0.10,350,-100,Degrees C,daily
82,DSOIL,Temp  soil daily,Temperature  soil  daily,0.10,,,Degrees C,daily
83,STRMFL,Stream Flow,Stream flow  Daily mean,1.00,,,Meters**3/Second,daily
84,SUNSHN,Sunshine  Daily,Sunshine  Daily total amount,0.10,135,0,Minutes,daily
85,GRSMIN,Grasss Min  Temp,Grass Minimum Temperature at 06Z,0.10,360,-100,Degrees C,daily
86,LLDD,Lightning  direction daily,Lightning  direction daily,1.00,,,coded,daily
87,HHHD(Updated),Hail  size  daily(updated),Hail  size  daily(updated),1.00,,,coded,daily
91,24hVPD,24hour VPD,Mean Vapour Pressure Deficit over 24 hours,0.10,,,Hectopascals,daily
92,24hWB,24hour Wetbulb,Mean Wetbulb temperature over 24 hours,0.10,,,Degrees C,daily
93,PSTWX,24 Hr past wx,24 Hour past weather,1.00,9,0,Coded,daily
94,MXMNDIFF,Max Min Diff,24 Hr Temperature range,0.10,,,Degrees C,daily
95,PrInTi,PrecIntens Time,Number of minutes for the classified amounts of rain,1.00,,,Minutes,daily
96,JardIn,PrecIntens Jardi,Jardi Rainfall Intensity,1.00,,,Millimeters,daily
97,DifRad,Diff Radiation,Diffuse Radiation measured by Moll-Kipp Solarimeter,0.10,,,Megajoules/M**2,daily
98,WINDTOT20,Wind Totalizer  18Z,Wind Totalizer at 18Z,0.10,999999,0,Km,daily
99,WINDRUN08,Wind Totalizer  06Z,Wind Totalizer at 06Z,0.10,999999,0,Km,daily
101,TEMPDB,Temp  dry bulb,Temperature  dry bulb,0.10,464,-150,Degrees C,hourly
102,TEMPWB,Temp  wet bulb,Temperature  wet bulb,0.10,350,-100,Degrees C,hourly
103,TEMPDP,Temp  dew point,Temperature  dew point,0.10,350,-260,Degrees C,hourly
104,PRECIP,Precip  hourly,Precipitation  total hourly,0.10,1000,0,Millimeters,hourly
105,RELHUM,Relative Humidty,Relative humidity at 06Z,1.00,100,0,Percent,hourly
106,PRESST,Pressure  stn,Pressure  station,0.10,155050,7000,Hectopascals,hourly
107,PRESSL,Pressure  sea lv,Pressure  sea level,1.00,1505050,8000,Hectopascals,hourly
108,ALTMTR,Altimeter Settng,Altimeter setting,0.10,,,Millibars,hourly
109,CEIL,Ceiling,Ceiling,1.00,,,Coded,hourly
110,VISBY,Visibility,Visibility  horizontal,0.10,,0,Coded,hourly
111,WNDSPD,Wind Speed,Wind speed,1.00,300,0,Knots,hourly
112,WNDDIR,Wind Direction,Wind direction,0.10,3600,0,Degrees C,hourly
113,WNDMIL,Wind mileage hly,Wind mileage  hourly,1.00,,,Kilometers,hourly
114,CLDTOT,Cloud cover  tot,Cloud cover  total,1.00,8,0,Octas,hourly
115,CLDOPC,Cloud opacty tot,Cloud opacity  total,1.00,,,Octas,hourly
116,CLDAM1,Cloud amt  lvl 1,Cloud  amount of the lowest layer,1.00,8,0,Octas,hourly
117,CLDTY1,Cloud typ  lvl 1,Cloud  type of the lowest layer,1.00,,,Coded,hourly
118,CLDHT1,Cloud ht  lvl 1,Cloud  height of the lowest layer,1.00,,,Coded,hourly
119,CLDOP1,Cloud opcy  lvl1,Cloud  opacity of the lowest layer,1.00,,,Octas,hourly
120,CLDAM2,Cloud amt  lvl 2,Cloud  amount of the second layer,1.00,8,0,Octas,hourly
121,CLDTY2,Cloud typ  lvl 2,Cloud  type of the second layer,1.00,9,0,Coded,hourly
122,CLDHT2,Cloud ht  lvl 2,Cloud  height of the second layer,1.00,,,Coded,hourly
123,CLDOP2,Cloud opcy  lvl2,Cloud  opacity of the second layer,1.00,,,Octas,hourly
124,CLDAM3,Cloud amt  lvl 3,Cloud  amount of the third layer,1.00,8,0,Octas,hourly
125,CLDTY3,Cloud typ  lvl 3,Cloud  type of the third layer,1.00,9,0,Coded,hourly
126,CLDHT3,Cloud ht  lvl 3,Cloud  height of the third layer,1.00,,,Coded,hourly
127,CLDOP3,Cloud opcy  lvl3,Cloud  opacity of the third layer,1.00,,,Octas,hourly
128,CLDAM4,Cloud amt  lvl 4,Cloud  amount of the fourth layer,1.00,,,Octas,hourly
129,CLDTY4,Cloud typ  lvl 4,Cloud  type of the fourth layer,1.00,,,Coded,hourly
130,CLDHT4,Cloud ht  lvl 4,Cloud  height of the fourth layer,1.00,,,Coded,hourly
131,CLDAP4,Cloud opcy  lvl4,Cloud  opacity of the fourth layer,1.00,,,Octas,hourly
132,SUN,Sunshine,Sunshine  total hourly,1.00,,,Minutes,hourly
133,RADGLS,Radiation global,Radiation  global solar,0.10,,,Megajoules/M**2,hourly
134,RADSKY,Radiation  sky,Radiation  sky,0.10,,,Megajoules/M**2,hourly
135,RADRES,Radiation  reflc,Radiation  reflected solar,0.10,,,Megajoules/M**2,hourly
136,RADNAW,Radiation  al wv,Radiation  net all wave,0.10,,,Megajoules/M**2,hourly
137,RADDWN,Radiation  down,Radiation  total downward,0.01,,,Megajoules/M**2,hourly
138,RADUP,Radiation  up,Radiation  total upward,0.10,,,Megajoules/M**2,hourly
139,RADDSL,Radiation direct,Radiation  direct solar,0.10,,,Megajoules/M**2,hourly
140,TORN,Weather-Tornado,Weather  tornado  1=Tornado  2=Funnel,1.00,,,Coded,hourly
141,THUNDR,Weather-Thunder,Weather  thunderstorms,1.00,,,Coded,hourly
142,RAIN,Weather-Rain,Weather  rain,1.00,,,Coded,hourly
143,RNSHW,Weather-Showers,Weather  rain showers,1.00,,,Coded,hourly
144,DRZZL,Weather-Drizzle,Weather  drizzle,1.00,,,Coded,hourly
145,FRZRN,Weather-Frz Rain,Weather  freezing rain,1.00,,,Coded,hourly
146,FRZDRZ,Weather-Frz Driz,Weather  freezing drizzle,1.00,,,Coded,hourly
147,SNOW,Weather-Snow,Weather  snow,1.00,,,Coded,hourly
148,SNWSHW,Weather-Snw-shwr,Weather  snow showers,1.00,,,Coded,hourly
149,SNWGRN,Weather-Snw-grn,Weather  snow grains,1.00,,,Coded,hourly
150,ICE,Weather-Ice-Crys,Weather  ice crystals,1.00,,,Coded,hourly
151,ICEPLT,Weather-Ice-Pell,Weather  ice pellets,1.00,,,Coded,hourly
152,HAIL,Weather-Hail,Weather  hail,1.00,,,Coded,hourly
153,FOG,Weather-Fog,Weather  fog,1.00,,,Coded,hourly
154,ICEFOG,Weather-Ice Fog,Weather  ice fog,1.00,,,Coded,hourly
155,SMOKE,Weather-Smoke,Weather  smoke,1.00,,,Coded,hourly
156,HAZE,Weather-Haze,Weather  haze,1.00,,,Coded,hourly
157,BLWSNW,Weather-Blw-Snow,Weather  blowing snow,1.00,,,Coded,hourly
158,BLWSND,Weather-Blw-Sand,Weather  blowing sand,1.00,,,Coded,hourly
159,BLWDST,Weather-Blw-Dust,Weather  blowing dust,1.00,,,Coded,hourly
160,SQUALL,Weather-squall,Weather  squall,1.00,,,Coded,hourly
161,RAINSQ,Weather-rain sq,Weather  rain squall,1.00,,,Coded,hourly
162,SNOWSQ,Weather-snow sq,Weather  snow squall,1.00,,,Coded,hourly
163,SNOWPL,Weather-snow pel,Weather  snow pellets,1.00,,,Coded,hourly
164,GRDFOG,Weather-grnd fog,Weather  ground fog,1.00,,,Coded,hourly
165,GLAZE,Weather-glaze,Weather  glaze,1.00,,,Coded,hourly
166,VAPPSR,Vapor Pressure,Vapor Pressure,0.10,,,Hectopascals,hourly
167,PRSWX,Present Weather,Present Weather (WMO Synoptic Code),1.00,,,Coded,hourly
168,CLD-1,Cloud a t h lvl1,Cloud  amount type height level 1 (WMO code),1.00,,,Coded,hourly
169,CLD-2,Cloud a t h lvl2,Cloud  amount type height level 2 (WMO code),1.00,,,Coded,hourly
170,CLD-3,Cloud a t h lvl3,Cloud  amount type height level 3 (WMO code),1.00,,,Coded,hourly
171,CLD-4,Cloud a t h lvl4,Cloud  amount type height level 4 (WMO code),1.00,,,Coded,hourly
172,MIXRAT,Mixing ratio,Mixing ratio,1.00,,,Grams/KG,hourly
173,15PRCP,Precip  15 min,Precipitation  total 15 minute,0.10,,,Millimeters,hourly
174,3HPRCP,Precip  3 hour,Precipitation  total 3 hourly,0.10,1000,0,Millimeters,hourly
175,TMP005,Temp  soil05 hly,Temperature  soil  hourly at 5 cm,0.10,,,Degrees C,hourly
176,TMP010,Temp  soil10 hly,Temperature  soil  hourly at 10 cm,0.10,,,Degrees C,hourly
177,TMP020,Temp  soil20 hly,Temperature  soil  hourly at 20 cm,0.10,,,Degrees C,hourly
178,TMP030,Temp  soil30 hly,Temperature  soil  hourly at 30 cm,0.10,,,Degrees C,hourly
179,TMP060,Temp  soil60 hly,Temperature  soil  hourly at 60 cm,0.10,,,Degrees C,hourly
180,TMP120,Temp  soil120 hly,Temperature  soil  hourly at 120 cm,0.10,,,Degrees C,hourly
181,WINDSPDAVG,Wind  spd  avg hourly,Wind speed  hourly average,0.10,,,Knots,hourly
182,TMP200,Temp  soil200 hly,Temperature  soil  hourly at 200 cm,0.10,,,Degrees C,hourly
183,THMGRF,Temp  THMGRF hly,Temperature of Thermograph,0.10,,,Degrees C,hourly
184,RHHYGR,RH  Hygrograph hly,Relative humidity hygrograph,1.00,100,0,Percent,hourly
185,PREGPM,Pressure  GPM,Reduced Pressure  Geopotential Metres,1.00,,,Hectopascals,hourly
186,PREQNH,Pressure  QNH,Reduced Pressure  QNH,1.00,,,Hectopascals,hourly
187,WINTOT,Wind mileage dly,Wind mileage  daily,1.00,,,Kilometers,hourly
190,CLDTY1,Cloud typ  lvl 1,Cloud  type of the lowest layer,1.00,,,Coded,hourly
191,LCLOUD,Lowest Cloud,Amount of all CsubL or if no CsubL  amount of CsubM,1.00,,,Octas,hourly
192,LCHGHT,Cloud ht  lvl 1,Cloud  height of the lowest layer,1.00,,,Coded,hourly
193,MCTYPE,Cloud  med  type,Cloud  Medium Level Type,1.00,,,Coded,hourly
194,MCAMNT,Cloud med ammount,Cloud  Medium Level Type,1.00,,,Coded,hourly
195,HCTYPE,Cloud  high type,Cloud  Medium Level Type,1.00,,,Code,hourly
196,HCAMNT,Cloud amount  high,Cloud Amout  High Level,1.00,8,0,Octas,hourly
197,MAXVIS,Visibility Max,Visibility  Maximum (00-89),1.00,,,Km,hourly
198,MINVIS,Visibility  min,Visibility  Minimum (00-89),1.00,,,Km,hourly
199,MXTWNK,Twinkies  maxdly,Twinkies  maximum daily ingestion rate  by running kilometer,1.00,,,KM/Hour,hourly
201,MNMXTM,Temp  mean max,Temperature  monthly mean maximum daily,0.10,,,Degrees C,monthly
202,MNMNTM,Temp  mean min,Temperature  monthly mean minimum daily,0.10,,,Degrees C,monthly
203,MNTMP,Temp mean mly,Temperature  monthly mean,0.10,,,Degrees C,monthly
204,XMXTMP,Temp Extreme Max,Temperature  extreme maximum monthly temperature,0.10,,,Degrees C,monthly
205,DMXTMP,Date of Extr Max,Date of the extreme maximum temperature,1.00,,,Unitless,monthly
206,XMNTMP,Temp Extreme Min,Temperature  extreme minimum monthly temperature,0.10,,,Degrees C,monthly
207,DMNTMP,Date of Extr Min,Date of the extreme minimum temperature,1.00,,,Unitless,monthly
208,TOTPRC,Precip Total Mly,Precipitation  total monthly,0.10,,,Millimeters,monthly
209,TOTSNW,Snow  Total Mly,Snowfall  total monthly,1.00,,,Centimeters,monthly
210,MXPRCP,Precip  max dly,Precipitation  greatest daily in the month,0.10,,,Millimeters,monthly
211,DMXPRC,Date of Max Prcp,Date of the greatest daily precipitation,1.00,,,Unitless,monthly
212,MXSNOW,Snowfall max dly,Snowfall  greatest daily in the month,1.00,,,Centimeters,monthly
213,DMXSNW,Date of Max Snow,Date of the greatest daily snowfall,1.00,,,Unitless,monthly
214,EVAPPN,Evap  pan  mly,Evaporation  pan  total monthly,0.10,,,Millimeters,monthly
215,EVAPLK,Evap  lake  mly,Evaporation  lake  total monthly,0.10,,,Millimeters,monthly
216,MMXPAN,Temp  pan mn max,Temperature  evap pan  monthly mean maximum daily,0.10,,,Degrees C,monthly
217,MMNPAN,Temp  pan mn min,Temperature  evap pan  monthly mean minimum daily,0.10,,,Degrees C,monthly
218,MNPAN,Temp  pan  mean,Temperature  evap pan  monthly mean,0.10,,,Degrees C,monthly
219,XMXPAN,Temp  pan mly mx,Temperature  evap pan  extreme monthly maximum,0.10,,,Degrees C,monthly
220,DMXPAN,Date of Extr Max,Date of extreme max daily temp of evap pan,1.00,,,Unitless,monthly
221,XMNPAN,Temp  pan mly mn,Temperature  evap pan  extreme monthly minimum,0.10,,,Degrees C,monthly
222,DMNPAN,Date of Extr Min,Date of extreme min daily temp of evap pan,1.00,,,Unitless,monthly
223,HDD1,HTNG Degree Day1,Heating degree days  total monthly - Base1,1.00,,,Unitless,monthly
224,HDD2,HTNG Degree Day2,Heating degree days  total monthly - Base2,1.00,,,Unitless,monthly
225,CDD1,CLNG Degree Day1,Cooling degree days  total monthly - Base1,1.00,,,Unitless,monthly
226,CDD2,CLNG Degree Day2,Cooling degree days  total monthly - Base2,1.00,,,Unitless,monthly
227,GDD1,GRNG Degree Day1,Growing degree days  total monthly - Base1,1.00,,,Unitless,monthly
228,GDD2,GRNG Degree Day2,Growing degree days  total monthly - Base2,1.00,,,Unitless,monthly
229,DYRAIN,Days with Rain,Days  number with rainfall,1.00,,,Unitless,monthly
230,DYTHND,Days with Thunde,Days  number with thunderstorms,1.00,,,Unitless,monthly
231,DYHAIL,Days with Hail,Days  number with hail,1.00,,,Unitless,monthly
232,DYFOG,Days with Fog,Days  number with fog,1.00,,,Unitless,monthly
233,DYSAND,Days with Dust,Days  number with blowing sand or dust,1.00,,,Unitless,monthly
234,DYSMOK,Days with Smoke,Days  number with smoke or thick haze,1.00,,,Unitless,monthly
235,DYSNOW,Days with Snow,Days  number with snow,1.00,,,Unitless,monthly
236,DYBSNW,Days with Blw sn,Days  number with blowing snow,1.00,,,Unitless,monthly
237,DYWND1,Days wth wind 10,Days  number with wind greater than 10 m/sec,1.00,,,Unitless,monthly
238,DYWND5,Days wth wind 15,Days  number with wind greater than 15 m/sec,1.00,,,Unitless,monthly
239,DYGLAZ,Days with glaze,Days  number with glaze(freezing rain),1.00,,,Unitless,monthly
240,DYTML1,Days temp < 1,Days  number with temp less than base 1,1.00,,,Unitless,monthly
241,DYTML2,Days temp < 2,Days  number with temp less than base 2,1.00,,,Unitless,monthly
242,DYTML3,Days temp < 3,Days  number with temp less than base 3,1.00,,,Unitless,monthly
243,DYTMG1,Days temp > 1,Days  number with temp greater than base 1,1.00,,,Unitless,monthly
244,DYTMG2,Days temp > 2,Days  number with temp greater than base 2,1.00,,,Unitless,monthly
245,DYTMG3,Days temp > 3,Days  number with temp greater than base 3,1.00,,,Unitless,monthly
246,DYPRG1,Days precip > 1,Days  number with precip greater than base 1,1.00,,,Unitless,monthly
247,DYPRG2,Days precip > 2,Days  number with precip greater than base 2,1.00,,,Unitless,monthly
248,DYPRG3,Days precip > 3,Days  number with precip greater than base 3,1.00,,,Unitless,monthly
249,MNMXDP,Temp dp mean max,Temperature  dew point  mean maximum monthly,0.10,,,Degrees C,monthly
250,MNMNDP,Temp dp mean min,Temperature  dew point  mean minimum monthly,0.10,,,Degrees C,monthly
251,MNDP,Temp dp mean mly,Temperature  dew point  mean monthly,0.10,,,Degrees C,monthly
252,EXMXDP,Temp  dp mly max,Temperature  dew point  extreme monthly maximum,0.10,,,Degrees C,monthly
253,DXMXDP,Date extr Mx DP,Date of extreme maximum monthly dewpoint,1.00,,,Unitless,monthly
254,EXMNDP,Temp  dp mly min,Temperature  dew point  extreme monthly minimum,0.10,,,Degrees C,monthly
255,DXMNDP,Date extr Mn DP,Date of extreme minimum monthly dewpoint,1.00,,,Unitless,monthly
256,MNMXRH,RH  mean max,Relative humidity  mean maximum monthly,1.00,100,0,Percent,monthly
257,MNMNRH,RH  mean min,Relative humidity  mean minimum monthly,1.00,100,0,Percent,monthly
258,MNRH,RH  mean mly,Relative humidity  mean monthly,1.00,100,0,Percent,monthly
259,EXMXRH,RH  extrm max,Relative humidity  extreme monthly maximum,1.00,100,0,Percent,monthly
260,DXMXRH,Date extr Mx RH,Date of extreme maximum monthly relative humidity,1.00,,,Unitless,monthly
261,EXMNRH,RH  extrm min,Relative humidity  extreme monthly minimum,1.00,100,0,Percent,monthly
262,DXMNRH,Date extr Mn RH,Date of extreme minimum monthly relative  humidity,1.00,,,Unitless,monthly
263,EVAPMX,Evap  max dly,Evaporation  greatest daily in the month,0.10,,,Millimeters,monthly
264,DMXEVP,Date of max evap,Date of the greatest daily evaporation in the month,1.00,,,Unitless,monthly
265,MYTORN,Days w/ tornado,Days  number with tornado,1.00,,,Unitless,monthly
266,MYICEP,Days w/ ice plt,Days with ice pellets,1.00,,,Unitless,monthly
267,MYGDRZ,Days w/ drizzle,Days with drizzle,1.00,,,Unitless,monthly
268,MLYSUN,Sunshine  Mly,Sunshine  Monthly total,0.10,,,Hours,monthly
269,MSOIL8,Temp  soil4M mly,Temperature  soil  monthly at 300 cm,0.10,,,Degrees C,monthly
270,MSOIL7,Temp  soil3M mly,Temperature  soil  monthly mean at 200 cm,0.10,,,Degrees C,monthly
271,MSOIL6,Temp  soil2M mly,Temperature  soil  monthly mean at 150 cm,0.10,,,Degrees C,monthly
272,MSOL1M,Temp  soil1m mly,Temperature  soil  monthly mean at 100 cm,0.10,,,Degrees C,monthly
273,MSOL50,Temp  soil50 mly,Temperature  soil  monthly mean at 50 cm,0.10,,,Degrees C,monthly
274,MSOL20,Temp  soil20 mly,Temperature  soil  monthly mean at 20 cm,0.10,,,Degrees C,monthly
275,MSOL10,Temp  soil10 mly,Temperature  soil  monthly mean at 10 cm,0.10,,,Degrees C,monthly
276,MSOL05,Temp  soil05 mly,Temperature  soil  monthly mean at 5 cm,0.10,,,Degrees C,monthly
281,24hVPD,24hourVPD,Mean monthly 24 hour Vapour Pressure Deficit,0.10,,,Hectopascals,monthly
286,GMnMMn,GrMin Monthly Mn,Ground Minimum monthly mean,0.10,,,Degrees C,monthly
287,AbGMnM,ExtremeGrMinAbs,Extreme Gr Minimum (Absolute),0.10,,,Degrees C,monthly
288,DEGRMN,DayofExtGrMin,Day of Extreme (Absolute) Ground Minimum,1.00,,,Unitless,monthly
289,DHGRMN,DayofHighestGrMn,Day of Highest Ground Minimum,1.00,,,Unitless,monthly
290,HTGRMN,Highest GroundMn,Highest Ground Minimum,0.10,,,Degrees C,monthly
294,CLMDly,Cloud Mn Daily,Mean Daily Cloud amount for the month,0.10,,,Octas,monthly
295,RadMnD,MeanDlyRadiation,Daily Mean Total radiation for the month,0.10,,,Megajoules/M**2,monthly
296,WETBMO,Temp WetBulb Mon,Mean wet bulb temperature for the month,0.10,,,Degrees C,monthly
297,WiSpMo,Wind Speed Month,Mean wind speed in the month  cup counter or anemog,0.10,,,Knots,monthly
298,VPDMnM,Mean Monthly VPD,Mean monthly VPD,0.10,,,Hectopascals,monthly
299,PreSta,Pressure Station,Monthly mean station level pressure,0.10,,,Hectopascals,monthly
301,PRESS,Pressure level,Pressure level,1.00,,,Hectopascals,monthly
302,HEIGHT,Height of press level,Height of pressure level,1.00,2000,0,Meters,monthly
303,TEMPDB,Temp at press level,Temperature at pressure level,0.10,500,-600,Degrees C,monthly
304,DPTDEP,Dew Pt Depress at press level,Dew point depression at pressure level,0.10,200,0,Degrees C,monthly
305,WNDDIR,Wind Direction at press level,Wind direction at pressure level,1.00,360,0,Degrees C,monthly
306,WNDSPD,Wind Speed at pressure leve,Wind speed at pressure level,1.00,300,0,Knots,monthly
399,PRESSTEND,PressTend  24hly,Pressure Tendancy  24 hly,0.10,100,-100,Hectopascals,monthly
401,MNMXTM,Temp  mean max,Temperature  10 day mean maximum daily,0.10,,,Degrees C,dekadal
402,MNMNTM,Temp  mean min,Temperature  10 day mean minimum daily,0.10,,,Degrees C,dekadal
403,MNTMP,Temp mean 10 day,Temperature  10 day mean,0.10,,,Degrees C,dekadal
404,XMXTMP,Temp Extreme Max,Temperature  extreme maximum 10 day temperature,0.10,,,Degrees C,dekadal
405,DMXTMP,Date of Extr Max,Date of the extreme maximum 10 day temperature,1.00,,,Unitless,dekadal
406,XMNTMP,Temp Extreme Min,Temperature  extreme minimum 10 day temperature,0.10,,,Degrees C,dekadal
407,DMNTMP,Date of Extr Min,Date of the extreme minimum 10 day temperature,1.00,,,Unitless,dekadal
408,TOTPRC,Precip Total 10D,Precipitation  total 10 day,0.10,,,Millimeters,dekadal
409,TOTSNW,Snow  Total 10D,Snowfall  total 10 day,1.00,,,Centimeters,dekadal
410,MXPRCP,Precip  max dly,Precipitation  greatest daily in the 10 day period,0.10,,,Millimeters,dekadal
411,DMXPRC,Date of Max Prcp,Date of the greatest daily precipitation in 10 days,1.00,,,Unitless,dekadal
412,MXSNOW,Snowfall max dly,Snowfall  greatest daily in the 10 day period,1.00,,,Centimeters,dekadal
413,DMXSNW,Date of Max Snow,Date of the greatest daily snowfall in 10 days,1.00,,,Unitless,dekadal
414,EVAPPN,Evap  pan  10D,Evaporation  pan  total 10 day,0.10,,,Millimeters,dekadal
415,EVAPLK,Evap  lake  10D,Evaporation  lake  total 10 day,0.10,,,Millimeters,dekadal
416,MMXPAN,Temp  pan mn max,Temperature  evap pan  10 day mean maximum daily,0.10,,,Degrees C,dekadal
417,MMNPAN,Temp  pan mn min,Temperature  evap pan  10 day mean minimum daily,0.10,,,Degrees C,dekadal
418,MNPAN,Temp  pan  mean,Temperature  evap pan  10 day mean,0.10,,,Degrees C,dekadal
419,XMXPAN,Temp  pan 10D mx,Temperature  evap pan  extreme 10 day maximum,0.10,,,Degrees C,dekadal
420,DMXPAN,Date of Extr Max,Date of extreme max 10 day temp of evap pan,1.00,,,Unitless,dekadal
421,XMNPAN,Temp  pan 10D mn,Temperature  evap pan  extreme 10 day minimum,0.10,,,Degrees C,dekadal
422,DMNPAN,Date of Extr Min,Date of extreme min 10 day temp of evap pan,1.00,,,Unitless,dekadal
423,HDD1,HTNG Degree Day1,Heating degree days  total 10 day - Base1,1.00,,,Unitless,dekadal
424,HDD2,HTNG Degree Day2,Heating degree days  total 10 day - Base2,1.00,,,Unitless,dekadal
425,CDD1,CLNG Degree Day1,Cooling degree days  total 10 day - Base1,1.00,,,Unitless,dekadal
426,CDD2,CLNG Degree Day2,Cooling degree days  total 10 day - Base2,1.00,,,Unitless,dekadal
427,GDD1,GRNG Degree Day1,Growing degree days  total 10 day - Base1,1.00,,,Unitless,dekadal
428,GDD2,GRNG Degree Day2,Growing degree days  total 10 day - Base2,1.00,,,Unitless,dekadal
429,DYRAIN,Days with Rain,Days  number with rainfall in 10 days,1.00,,,Unitless,dekadal
430,DYTHND,Days with Thunde,Days  number with thunderstorms in 10 days,1.00,,,Unitless,dekadal
431,DYHAIL,Days with Hail,Days  number with hail in 10 days,1.00,,,Unitless,dekadal
432,DYFOG,Days with Fog,Days  number with fog in 10 days,1.00,,,Unitless,dekadal
433,DYSAND,Days with Dust,Days  number with blowing sand or dust in 10 days,1.00,,,Unitless,dekadal
434,DYSMOK,Days with Smoke,Days  number with smoke or thick haze in 10 days,1.00,,,Unitless,dekadal
435,DYSNOW,Days with Snow,Days  number with snow in 10 days,1.00,,,Unitless,dekadal
436,DYBSNW,Days with Blw sn,Days  number with blowing snow in 10 days,1.00,,,Unitless,dekadal
437,DYWND1,Days wth wind 10,Days  number with wind greater than 10 m/sec in 10 days,1.00,,,Unitless,dekadal
438,DYWND5,Days wth wind 15,Days  number with wind greater than 15 m/sec in 10 days,1.00,,,Unitless,dekadal
439,DYGLAZ,Days with glaze,Days  number with glaze (freezing rain) in 10 days,1.00,,,Unitless,dekadal
440,DYTML1,Days temp < 1,Days  number with temp less than base 1 in 10 days,1.00,,,Unitless,dekadal
441,DYTML2,Days temp < 2,Days  number with temp less than base 2 in 10 days,1.00,,,Unitless,dekadal
442,DYTML3,Days temp < 3,Days  number with temp less than base 3 in 10 days,1.00,,,Unitless,dekadal
443,DYTMG1,Days temp > 1,Days  number with temp greater than base 1 in 10 days,1.00,,,Unitless,dekadal
444,DYTMG2,Days temp > 2,Days  number with temp greater than base 2 in 10 days,1.00,,,Unitless,dekadal
445,DYTMG3,Days temp > 3,Days  number with temp greater than base 3 in 10 days,1.00,,,Unitless,dekadal
446,DYPRG1,Days precip > 1,Days  number with precip greater than base 1 in 10 days,1.00,,,Unitless,dekadal
447,DYPRG2,Days precip > 2,Days  number with precip greater than base 2 in 10 days,1.00,,,Unitless,dekadal
448,DYPRG3,Days precip > 3,Days  number with precip greater than base 3 in 10 days,1.00,,,Unitless,dekadal
449,MNMXDP,Temp dp mean max,Temperature  dew point  mean maximum 10 day,0.10,,,Degrees C,dekadal
450,MNMNDP,Temp dp mean min,Temperature  dew point  mean minimum 10 day,0.10,,,Degrees C,dekadal
451,MNDP,Temp dp mean 10D,Temperature  dew point  mean 10 day,0.10,,,Degrees C,dekadal
452,EXMXDP,Temp  dp 10D max,Temperature  dew point  extreme 10 day maximum,0.10,,,Degrees C,dekadal
453,DXMXDP,Date extr Mx DP,Date of extreme maximum 10 day dewpoint,1.00,,,Unitless,dekadal
454,EXMNDP,Temp  dp 10D min,Temperature  dew point  extreme 10 day minimum,0.10,,,Degrees C,dekadal
455,DXMNDP,Date extr Mn DP,Date of extreme minimum 10 day dewpoint,1.00,,,Unitless,dekadal
456,MNMXRH,RH  mean max 10D,Relative humidity  mean maximum 10 day,1.00,100,0,Percent,dekadal
457,MNMNRH,RH  mean min 10D,Relative humidity  mean minimum 10 day,1.00,100,0,Percent,dekadal
458,MNRH,RH  mean 10 day,Relative humidity  mean 10 day,1.00,100,0,Percent,dekadal
459,EXMXRH,RH  extrm max,Relative humidity  extreme 10 day maximum,1.00,100,0,Percent,dekadal
460,DXMXRH,Date extr Mx RH,Date of extreme maximum 10 day relative humidity,1.00,,,Unitless,dekadal
461,EXMNRH,RH  extrm min,Relative humidity  extreme 10 day minimum,1.00,100,0,Percent,dekadal
462,DXMNRH,Date extr Mn RH,Date of extreme minimum 10 day relative humidity,1.00,,,Unitless,dekadal
463,EVAPMX,Evap  max dly,Evaporation  greatest daily in the 10 day period,0.10,,,Millimeters,dekadal
464,DMXEVP,Date of max evap,Date of the greatest daily evaporation in the 10 day period,1.00,,,Unitless,dekadal
477,EVAPPICHE,Evaporation  Piche  daily,Evaporation  Piche  daily,0.10,90,0,Millimetres,daily
478,GPM,GPM  daily average,Geopotential height  daily average,0.10,,,metres,daily
500,PRECIP,Precip daily  coded,Precip daily  coded for synop,1.00,,,Millimetres,synop
503,TEMPDP12,Temp  dew point,Temperature  dew point at 12Z,0.10,,,Degrees C,daily
504,PRECIPDR,Precip  hours,Precipitation  total hours,0.10,,,Hours,daily
511,TEMPDB12,Temp  dry bulb12,Temperature  dry bulb at 12 Z,0.10,460,0,Degrees C,daily
512,TEMPWB12,Temp  wet bulb12,Temperature  wet bulb at 12Z,0.10,,,Degrees C,daily
513,WNDRN,Wind mileage dly,Wind mileage  daily,1.00,,,Kilometers,daily
515,RELHUM12,Relative Humidty 12Z,Relative humidity at 12Z,1.00,100,0,Percent,daily
518,EVAPPN2,Evap  pan1 daily,Evaporation  pan2  daily total,0.10,229,0,Millimeters,daily
530,TMPMNRST,Temp  daily min reset,Temperature  daily minimum reset,0.10,400,-70,Degrees C,daily
531,TMPMXRST,Temp  daily max reset,Temperature  daily maximum reset,0.10,,,Degrees C,daily
532,SUNHRS,Sunshine  hours,Sunshine  total hours,0.10,130,0,Hours,daily
541,SOILMST005,Soil  moisture daily005,Soil  Moisture daily at 5 cm,0.10,3610,0,Millimeters,daily
542,SOILMST100,Soil  moisture daily100,Soil  Moisture daily at 100 cm,0.10,500,0,Millimeters,daily
554,SOILT0530,Temp  soil0530,Temperature  soil  20 cm at 05Z,0.10,,,Degrees C,daily
561,SOILT0905,Temp  soil0905,Temperature  soil  5 cm at 09Z,0.10,,,Degrees C,daily
562,SOILT0910,Temp  soil0910,Temperature  soil  10 cm at 09Z,0.10,,,Degrees C,daily
563,SOILT0920,Temp  soil0920,Temperature  soil  20 cm at 09Z,0.10,,,Degrees C,daily
564,SOILT1305,Temp  soil1305,Temperature  soil  5 cm at 13Z,0.10,,,Degrees C,daily
565,SOILT1310,Temp  soil1310,Temperature  soil  10 cm at 13Z,0.10,,,Degrees C,daily
566,SOILT1320,Temp  soil1320,Temperature  soil  20 cm at 13Z,0.10,,,Degrees C,daily
600,OBSHGHT,Height  observing instrument,Observing instrument height above station elevation,0.01,,,Metres,
806,RH06,RH  daily 06Z,Relative Humidity  daily 06Z,1.00,1000,0,Percent,daily
807,RH12,RH  daily 12Z,Relative Humidity  daily 12Z,1.00,1000,0,Percent,daily
810,TMPI06,Temp  min 06Z,Temperature  minimum at 06Z,0.10,350,-100,Degrees C,daily
811,TMPI12,Temp  min 12Z,Temperature  minimum at 12Z,0.10,350,-100,Degrees C,daily
812,A-PANB,Evap A_Pan Before,Evaporation  A_pan before,1.00,50,0,milliliters,daily
813,A-PANA,Evap A_Pan After,Evaporation  A_pan after,1.00,100,0,milliliters,daily
850,850GPM,850Hp-GMP,Height of the 850 Hectopascal level in Geopotential Metres,1.00,2000,1000,Meters,hourly
851,PstWx,Past Weather W2,Past Weather W2 (WMO Synoptic Code),1.00,,,Unitless,hourly
852,VPDHly,VapPressDeficit,Hourly Vapour Pressure Deficit,0.10,,,Hectopascals,hourly
853,SOIL05,Temp  soil05 dly,Temperature  soil  daily at 5 cm,0.10,,,Degrees C,daily
854,SOIL10,Temp  soil10 dly,Temperature  soil  daily at 10 cm,0.10,,,Degrees C,daily
855,SOIL20,Temp  soil20 dly,Temperature  soil  daily at 20 cm,0.10,,,Degrees C,daily
881,AWSTEMP,AWS  Air Temp,AWS  Air Temperature,0.10,,,Deg Celcius,hourly
882,AWSTMAX,AWS  Max Temp,AWS  Maximum Temperature,0.10,,,Deg Celcius,hourly
883,AWSTMIN,AWS  Min Temp,AWS  Minimum Temperature,0.10,,,Deg Celcius,hourly
884,AWSBARO,AWS  Baro Press,AWS  Barometric Pressure,0.10,,,Millibars,hourly
885,AWSDP,AWS  Dp Temp,AWS  Dew Point Temperature,0.10,,,Celcius,hourly
886,AWSGUSTSPD,AWS  GUST Speed,AWS  Wind Gust Speed,0.10,,,Knots,hourly
887,AWsGUSTDIR,AWS  GUST Direction,AWS  Wind Gust Direction,0.10,,,Degrees,hourly
888,AWSHRSSUN,AWS  Sun Hours,AWS  Sunshine Hours,0.10,,,Hours,hourly
889,AWSQFE,AWS  Station Press,AWS  Station Level Pressure,0.10,,,Millibars,hourly
890,AWSQFF,AWS  Actual Sea Lev Press,AWS  Actual Sea Level Pressure,0.10,,,Millibars,hourly
891,AWSQNH,AWS  Stand Sea Lev Press,AWS  Standard Sea Level Pressure,0.10,,,Millibars,hourly
892,AWSPRECIP,AWS Precip Cum,AWS  Precipitation Cumulative,0.10,,,Millimetres,hourly
893,AWSRH,AWS  RH,AWS  Relative Humidity,0.10,,,Percentage,hourly
894,AWSSOLRAD,AWS  Sol Rad,AWS  Solar Radiation,0.10,,,Megajoules/M**2,hourly
895,AWSWDA,AWS  Wind Dir Avg,AWS  Wind Direction Average,1.00,,,Degrees,hourly
896,AWSWDI,AWS  Wind Dir Inst,AWS  Wind Direction Instantaneous,1.00,,,Degrees,hourly
897,AWSWSA,AWS  Wind Spd Avg,AWS  Wind Speed Average,0.10,,,Knots,hourly
898,AWSWSI,AWS  Wind Spd Inst,AWS  Wind Speed Instantaneous,0.10,,,Knots,hourly
899,LEAFWET,Leaf Wetness,Leaf Wetness,0.10,,,Min,hourly
900,Eto,Eto,Evapotranspiration,0.10,,,Millimetres,hourly
901,AWSTMPMN,AWS  drybulb daily mean,AWS  drybulb daily mean,0.10,,,Degrees C,daily
902,AWSDPMN,AWS  dewpoint daily mean,AWS  dewpoint daily mean,0.10,,,Degrees C,daily
903,AWSSUNTOT,AWS  sunshine daily total,AWS  sunshine daily total,0.10,,,Hours,daily
904,AWSPRESSMN,AWS  mean station pressure,AWS  mean station pressure,0.10,,,hPa,daily
905,AWSMSLPMN,AWS  daily mean station pressure,AWS  daily mean station pressure,0.10,,,hPa,daily
907,AWSRHMN,AWS  RH daily mean,AWS  RH daily mean,0.10,,,Perc,daily
908,AWSRADMN,AWS  solar rad  daily total,AWS  solar rad  daily total,0.10,,,Megajoules/M**2,daily
909,AWSWSPDMN,AWS  wind spd daily ave,AWS  wind spd daily ave,0.10,,,Knots,daily
910,AWSTMAX,AWS  Tmax daily,AWS  Tmax daily,0.10,,,Degrees C,daily
911,AWSTMIN,AWS  Tmin daily,AWS  Tmin daily,0.10,,,Degrees C,daily
912,AWSPRECIPT,AWS  daily precip total,AWS  daily precip total,0.10,,,millimetres,daily
